{
  "creds": {
    "noiseKey": {
      "private": {
        "type": "Buffer",
        "data": "aFMu6YjsMOb4ZIB6hVt1VC0XQOrYX+4NvS57D3LcxE8="
      },
      "public": {
        "type": "Buffer",
        "data": "y8p86S55TcBUIOoyrtvK9xjsjiwuwlRMlcravwqVnSw="
      }
    },
    "signedIdentityKey": {
      "private": {
        "type": "Buffer",
        "data": "aDS7nGsv7eneywoCQy9hHk/XPX0cynjpi6IMK3n0rGs="
      },
      "public": {
        "type": "Buffer",
        "data": "KTWm2Racsm2rS2G3YuftPruRXeK4KMLEjVlmjojQkAc="
      }
    },
    "signedPreKey": {
      "keyPair": {
        "private": {
          "type": "Buffer",
          "data": "uL5OHzIzVKXYhpZFm/fLB7uUaacAklmGR9lhmCroimU="
        },
        "public": {
          "type": "Buffer",
          "data": "VYjfwJkXPrhPNZBt4XoJzYkepp9M80Pqg1YT00679Sw="
        }
      },
      "signature": {
        "type": "Buffer",
        "data": "S/I1MMkdjVIDPsAs6gMLfJypfaCUNToaFYUwdgu/h0cPoo9Pj4YChViGV6tU1+2/C/5mculMxOyn1tcObgC7jQ=="
      },
      "keyId": 1
    },
    "registrationId": 104,
    "advSecretKey": "czO1m1ClQ9ZB1d3osOaCnYQfVfheeRej/p8q58Ht/vQ=",
    "processedHistoryMessages": [
      {
        "key": {
          "remoteJid": "6285717267460@s.whatsapp.net",
          "fromMe": true,
          "id": "17764C9EE2186F0FB41B92D8CEEE5320"
        },
        "messageTimestamp": 1669588833
      },
      {
        "key": {
          "remoteJid": "6285717267460@s.whatsapp.net",
          "fromMe": true,
          "id": "8C0E8A6A8DCA85F77AAB0F7F613E3CF1"
        },
        "messageTimestamp": 1669588833
      },
      {
        "key": {
          "remoteJid": "6285717267460@s.whatsapp.net",
          "fromMe": true,
          "id": "96304C384A442CDCAA144DCCE8BD543C"
        },
        "messageTimestamp": 1669588888
      }
    ],
    "nextPreKeyId": 31,
    "firstUnuploadedPreKeyId": 31,
    "accountSettings": {
      "unarchiveChats": false
    },
    "account": {
      "details": "CL3V+pYHENvOj5wGGAE=",
      "accountSignatureKey": "YrOeiLCk1b/F9hMUrR8Ps3adyOFvP3de7svuwOwLfDc=",
      "accountSignature": "q/X0VpBvFCuM60EjcxOkp3BHcbdomGrQzXRVxQpuEi1SulUA8qoZ+PXFvDZNDmkOeUSMcwDVP4vh7lSsBG8eBw==",
      "deviceSignature": "3J3UNIKnIIUfSSOv8qvr/+tFrS0BDjU1rhhVm6DlVj2rYSKtC25nQScR2rT9ZtzD9uetAvGnBIP5mW+G6cDfjg=="
    },
    "me": {
      "id": "6285717267460:2@s.whatsapp.net",
      "name": "𝚁𝚒𝚜𝚜𝚜𝚜"
    },
    "signalIdentities": [
      {
        "identifier": {
          "name": "6285717267460:2@s.whatsapp.net",
          "deviceId": 0
        },
        "identifierKey": {
          "type": "Buffer",
          "data": "BWKznoiwpNW/xfYTFK0fD7N2ncjhbz93Xu7L7sDsC3w3"
        }
      }
    ],
    "platform": "android",
    "lastAccountSyncTimestamp": 1669588880,
    "myAppStateKeyId": "AAAAAJV4"
  },
  "keys": {
    "preKeys": {
      "1": {
        "private": {
          "type": "Buffer",
          "data": "GLUhuNU92oMs8BKhzaKs/ommv1oq6DtL1PssPo34dGM="
        },
        "public": {
          "type": "Buffer",
          "data": "WJUDTs1p4qeLSqoNqlPv3MwgDBLd869QK3p64LR6WTE="
        }
      },
      "2": {
        "private": {
          "type": "Buffer",
          "data": "6EfM9bz79Q5oToPQEwwwEBCLYjFmDE4gzJztdxKk4XM="
        },
        "public": {
          "type": "Buffer",
          "data": "jG5dwViDKVJCofhhl1e7JZ/T2K4Qt4PN1CfezBi/EnE="
        }
      },
      "3": {
        "private": {
          "type": "Buffer",
          "data": "mFMOSyk0iTbBoav2lOGqGHkqqzql+Ho62Pybn1cUu3A="
        },
        "public": {
          "type": "Buffer",
          "data": "mpP59euDzEOq3CoRx3IlMtoV8TifrPIuv9rrJ5wU2zM="
        }
      },
      "4": {
        "private": {
          "type": "Buffer",
          "data": "OCOCjDIPgDvlsQy9MMlSHrl5vm6sks7NFJUFIWmlDFw="
        },
        "public": {
          "type": "Buffer",
          "data": "eVX4B2klkTTyt3xnLZJZQcs7KFRXNUILbzu1PF6/0wQ="
        }
      },
      "5": {
        "private": {
          "type": "Buffer",
          "data": "OE+t8mpXezTUE8ddIcoL/Y1Ec9OYijElsAQYEMqqNWA="
        },
        "public": {
          "type": "Buffer",
          "data": "24wprm50A2fRcHX86yVpX0cZtobPz+fPqbVFilihVwc="
        }
      },
      "6": {
        "private": {
          "type": "Buffer",
          "data": "EPL3vX2odRruBefMtYrlTFZMO+T+NBYzDz6Sqi13dEE="
        },
        "public": {
          "type": "Buffer",
          "data": "fD7LXBI4o7rzFDFhCiOS1hpMWR/EO3f01azmLsbUWWw="
        }
      },
      "7": {
        "private": {
          "type": "Buffer",
          "data": "gHnmmi9fKcyb5tANXppcdgN6zjCv39+YMtUDAuC9+WE="
        },
        "public": {
          "type": "Buffer",
          "data": "3fh8ifAGd5rwHpY8uqbgMvwOtArzl3iQYJDyQopSVlk="
        }
      },
      "8": {
        "private": {
          "type": "Buffer",
          "data": "QGkn+iyLmj0RDctUzwjFI1Oxz+un8PNwl3bhUdTkiEI="
        },
        "public": {
          "type": "Buffer",
          "data": "liTL0NnPb1xV8sR9Ub9I25wwuubpvHSH9eNMrFvgam4="
        }
      },
      "9": {
        "private": {
          "type": "Buffer",
          "data": "iMVqwRvCJvr2h8EcGUN8Ru2DW6yTnhxeqAkoYAwQFlA="
        },
        "public": {
          "type": "Buffer",
          "data": "/JWzo2e39ii0JT+0b3AHIHwhLXDDFVr4VW0qzZ467TM="
        }
      },
      "10": null,
      "11": {
        "private": {
          "type": "Buffer",
          "data": "6KYBSRYynMXqcedOEw8spG+Zc/YFIrZAXsx6c0Hk6lc="
        },
        "public": {
          "type": "Buffer",
          "data": "h7vd1vYjfk+HlFuXP0EVd9igxewzUTT57eSTsaRfTgk="
        }
      },
      "12": {
        "private": {
          "type": "Buffer",
          "data": "MHkn9kuOxz7El1nAlz4KHwC07oD3QzYkGx0aMBx++HY="
        },
        "public": {
          "type": "Buffer",
          "data": "WQkmMbi4dzlNdTI+VxgyRTAKGlZ+LI2LiSTXSCYpLQ0="
        }
      },
      "13": {
        "private": {
          "type": "Buffer",
          "data": "gF3gNYgl9gI1K07j7ZmsTzWbG8eFFkgkRyYE/L2ZM00="
        },
        "public": {
          "type": "Buffer",
          "data": "Y9hWjo6gJBwlu1E5DZ7JTn6a/k3VC8UBz3kOqLWOKjs="
        }
      },
      "14": {
        "private": {
          "type": "Buffer",
          "data": "6Ig/a5ELP8yfTuNAogC6NQEVfvwfMH6hvbL24aAv+V8="
        },
        "public": {
          "type": "Buffer",
          "data": "LTiS9zdtqIqcko+JXgrkJ2TzU+D1AHa5pPLLVVXQsgs="
        }
      },
      "15": {
        "private": {
          "type": "Buffer",
          "data": "sKH+CQp5UVFJq8wUp/LdCCte+ajx8rj0537DySb+V04="
        },
        "public": {
          "type": "Buffer",
          "data": "IC4Voq5WECVoSsglLyNBC2lJAw6XE2zlEIlYp1BCPyY="
        }
      },
      "16": {
        "private": {
          "type": "Buffer",
          "data": "cJBwJqy6jllMU9VmYyyWLNuoD94mwALq/F1p0FfOy1Y="
        },
        "public": {
          "type": "Buffer",
          "data": "k7vF/+VbZuXKj9ZqqNiUAt6HPdufnPJ7K2aJm1Ec6xo="
        }
      },
      "17": {
        "private": {
          "type": "Buffer",
          "data": "2L6eguQrzlK3qNYM9HRjaLQJntbexqhcpxbeHeEAzEQ="
        },
        "public": {
          "type": "Buffer",
          "data": "Rm5I2k8kaOvTffok6Rj6fEah9s4vAqeGGGARudPM+h8="
        }
      },
      "18": {
        "private": {
          "type": "Buffer",
          "data": "UGNHuGVn2TOSTEPjOwij+aX/2nhI0HSAvMkh2mngt1w="
        },
        "public": {
          "type": "Buffer",
          "data": "/T9YCWoOOF4LJptYZAiv3DIXPYpl9O1zA3sZTClGPxk="
        }
      },
      "19": {
        "private": {
          "type": "Buffer",
          "data": "4NCZ1PMtsuTOo4OgpaYgRawcZj80HtlXaLqQHlblglI="
        },
        "public": {
          "type": "Buffer",
          "data": "9sExBwqS1/AiqOkpgearcLo7OWsAu+diHc+1uwRZMhg="
        }
      },
      "20": {
        "private": {
          "type": "Buffer",
          "data": "CIWxwLyu5ZYfwLpwqszY+tHhW4NmEbtUpZZ/7Z0zImk="
        },
        "public": {
          "type": "Buffer",
          "data": "Av3cYj1VxCCyGa1vqpEWd5j9zjYniIgHhZyW0QzyZAM="
        }
      },
      "21": {
        "private": {
          "type": "Buffer",
          "data": "IG1KaDtYJqexkex0V65b+/92QBgMxohJhNOUOjLwV0I="
        },
        "public": {
          "type": "Buffer",
          "data": "qgum/2u/ID9hRgOUi0WKB/ywHdXbGkgEz5DbNLmit3U="
        }
      },
      "22": {
        "private": {
          "type": "Buffer",
          "data": "mK5w91W/i4/VJwZi4GLPqZQ3c8werxUVSpehFaFX11k="
        },
        "public": {
          "type": "Buffer",
          "data": "fcjLCzPHRaZcrkFMyzsjr9MxDVobKGZHt/+8XQhfrF0="
        }
      },
      "23": {
        "private": {
          "type": "Buffer",
          "data": "UL8DLAcfJhT4ihEgkJzBHb+O5NMige1KX8JL2jWL1kw="
        },
        "public": {
          "type": "Buffer",
          "data": "f1+KDxJ/hNEhN2UojfivNe+00cXuca/i5FyUYzp5pws="
        }
      },
      "24": {
        "private": {
          "type": "Buffer",
          "data": "aHVIWaJDo2uM24QCdKPRwePK/Rz74MWWp9K/F2Crb0w="
        },
        "public": {
          "type": "Buffer",
          "data": "n+yhSxtge+XvMJ+ZaOuof8Tc8krJjB5aHKnOc5OgcVQ="
        }
      },
      "25": {
        "private": {
          "type": "Buffer",
          "data": "iNwmvSraJQJQqkZpivxOVHPvu8gkhs7LZv5ccm6pL2w="
        },
        "public": {
          "type": "Buffer",
          "data": "XQf0zVY+twKmk10AJVUFHpzKiJh22gKG25ph6+xN0iQ="
        }
      },
      "26": {
        "private": {
          "type": "Buffer",
          "data": "WNcRcqHSA1KV4lz5u8tR1XtCZ2Fyp+EMblT8DztZhGk="
        },
        "public": {
          "type": "Buffer",
          "data": "DoVEafhWb3FgZ7GQuMbPLKGzKrcuFRFYfKCRrD9mHzY="
        }
      },
      "27": {
        "private": {
          "type": "Buffer",
          "data": "uNLmYmkyEwlG4EIGQXNIiecajESFvw2YmAG7URATVXY="
        },
        "public": {
          "type": "Buffer",
          "data": "/ZaPUKXNxcMHlVnRzFJu7MgAjXGDSGeCOvivrE4ySzw="
        }
      },
      "28": {
        "private": {
          "type": "Buffer",
          "data": "sGfFqAGZI32cOqehcxAzo2cn1PGX2LiORw4O/Col2Xk="
        },
        "public": {
          "type": "Buffer",
          "data": "4z8rt8sMYD/RntLVDw/oMjQRhWPR0iasHtISoOqph14="
        }
      },
      "29": {
        "private": {
          "type": "Buffer",
          "data": "aKCDFXTIIaCcgPMzN7ezYkz0sRNPJ9fquhsMBCJ5/nY="
        },
        "public": {
          "type": "Buffer",
          "data": "qpqRGiS+UrffZDBIvl7Xg7tvGe3RqfNPMBlqjxpybXk="
        }
      },
      "30": {
        "private": {
          "type": "Buffer",
          "data": "uPjhnb54RCpShsqia+5kwRrDsAx5hZKK/AFncjFNNGU="
        },
        "public": {
          "type": "Buffer",
          "data": "VW1qRp8LX/6Jdq2jPxQBOkDveKHAqrt0hfmjTpHRnH0="
        }
      }
    },
    "sessions": {
      "6285717267460.0": {
        "_sessions": {
          "BacRsI7NUtu2hzRE/xAuUUphVjjdkwYgKlC+WS49pwMS": {
            "registrationId": 585965532,
            "currentRatchet": {
              "ephemeralKeyPair": {
                "pubKey": "BTwhe+EpaLBF9ik/+EpHc9LRz0fjwoqw/YgJ2rWkZO5d",
                "privKey": "aEkrWZO8eMF3nSnNauDB7VahD4YStXxpPauMbX//pnQ="
              },
              "lastRemoteEphemeralKey": "BVfujOD912ymW5hZum+b0a39kyzdJZfSIiEE179ByLwl",
              "previousCounter": 1,
              "rootKey": "Lmd6FdU1iSNN6U3ZcJNRFt5ifAivkaKmTzlaqwg5VyE="
            },
            "indexInfo": {
              "baseKey": "BacRsI7NUtu2hzRE/xAuUUphVjjdkwYgKlC+WS49pwMS",
              "baseKeyType": 2,
              "closed": -1,
              "used": 1669588890568,
              "created": 1669588833870,
              "remoteIdentityKey": "BWKznoiwpNW/xfYTFK0fD7N2ncjhbz93Xu7L7sDsC3w3"
            },
            "_chains": {
              "BQylKInavrvEVje7C6e6kmTUzg6hoe7mT6PgFgwLZTQb": {
                "chainKey": {
                  "counter": 5
                },
                "chainType": 2,
                "messageKeys": {}
              },
              "BVfujOD912ymW5hZum+b0a39kyzdJZfSIiEE179ByLwl": {
                "chainKey": {
                  "counter": 1,
                  "key": "qQyw1uPHdGlbriRlRHD2Wq8V+r5oLO+KJY9sDfn5LWs="
                },
                "chainType": 2,
                "messageKeys": {}
              },
              "BTwhe+EpaLBF9ik/+EpHc9LRz0fjwoqw/YgJ2rWkZO5d": {
                "chainKey": {
                  "counter": 10,
                  "key": "gT5rbl7TX1VasvK7euKgV5fPUaEFJpUkFlNWqegVGzI="
                },
                "chainType": 1,
                "messageKeys": {}
              }
            }
          }
        },
        "version": "v1"
      },
      "6285850539404.0": {
        "_sessions": {
          "BVChVnfuNRob0Wq0rylh7v2SQxC33S+2adi9dTTWe1cN": {
            "registrationId": 1874415240,
            "currentRatchet": {
              "ephemeralKeyPair": {
                "pubKey": "BS5sAkEgVCx560MsbaiNzwAdL6WOPI7NQ8axXmSS+gFH",
                "privKey": "+IKOB2HOz5DbvDQSV9S6mJL7Zx1CLPRKFGSKhl9weWw="
              },
              "lastRemoteEphemeralKey": "BSGZGZV5sjjMBEUwBulLKADBWwvWSGXzgEzwjWALeiMo",
              "previousCounter": 1,
              "rootKey": "P/dh8IHYH5xRmy+tbsOvDppsAVS+ZaVn/sNFlcs2h7o="
            },
            "indexInfo": {
              "baseKey": "BVChVnfuNRob0Wq0rylh7v2SQxC33S+2adi9dTTWe1cN",
              "baseKeyType": 2,
              "closed": -1,
              "used": 1669588933987,
              "created": 1669588895657,
              "remoteIdentityKey": "BakLqN15e50D2bKQhLstatZWfR7rRcTgAwbqZX27zdxU"
            },
            "_chains": {
              "BZuTynVt+enOYrGfDEx/zmWKjX2XiCoDmT2UJGBLVk42": {
                "chainKey": {
                  "counter": 0
                },
                "chainType": 2,
                "messageKeys": {}
              },
              "BQxi8pbnrN8Fnn5cxP/EGHsxYtwOMAlWpGjio/8WPkJw": {
                "chainKey": {
                  "counter": 0
                },
                "chainType": 2,
                "messageKeys": {}
              },
              "BSGZGZV5sjjMBEUwBulLKADBWwvWSGXzgEzwjWALeiMo": {
                "chainKey": {
                  "counter": 0,
                  "key": "b+EORG33qQIeRLGY5rW7fS4NW8zBF9sglPUU7B7GVy8="
                },
                "chainType": 2,
                "messageKeys": {}
              },
              "BS5sAkEgVCx560MsbaiNzwAdL6WOPI7NQ8axXmSS+gFH": {
                "chainKey": {
                  "counter": 2,
                  "key": "jN3ttLCJMstKYqPgs1DUzwZjGQU6wx63Pp75Trt6qmw="
                },
                "chainType": 1,
                "messageKeys": {}
              }
            }
          }
        },
        "version": "v1"
      }
    },
    "appStateSyncKeys": {
      "AAAAAJV4": {
        "keyData": "jUOKigDxHZ11JLA6KRiB5GLn+dBZhliqpb4zupUb0as=",
        "fingerprint": {
          "rawId": 1927195325,
          "currentIndex": 1,
          "deviceIndexes": [
            0,
            1
          ]
        },
        "timestamp": "1669588832360"
      }
    },
    "appStateVersions": {
      "critical_block": {
        "version": 1,
        "hash": {
          "type": "Buffer",
          "data": "dxTUReSeehhXmOQ9WlJO4k7m+S+y7FBlRlBHBjZ0cOhPHYyQl/CUGgqyro51mRg1TQIoYX3j37+kacBm2HiSImuSKxNKp/53kDmJPZA8WpDwKMRfyH+46ZXm9wp+DO6xiX8w8dsdf/tQKICTizp7ZAXzGaoC7eR+AGxZ7N1CKCs="
        },
        "indexValueMap": {
          "Kw6Eq5oj2fC+Nnt+r7lpTIOttLLx9KBoQXzPu5NJ6aM=": {
            "valueMac": {
              "type": "Buffer",
              "data": "Y1UdDCopUUOE8FyWLphFLBVRZyVhyF1QaJKuF0GUvpc="
            }
          },
          "zn5HILS8Rb8UyLKUFUr4gGA2XWKVyq70ddZSHeDEpIo=": {
            "valueMac": {
              "type": "Buffer",
              "data": "0Z4mNM5n/1KWHbT+EVpiArnQuVAGhCgqJZo0gAGqCe8="
            }
          }
        }
      },
      "regular": {
        "version": 1,
        "hash": {
          "type": "Buffer",
          "data": "eb6fx8mQKU9mR8gO/lXLZejWXmw6DEtzBqnUdGYAFobthh1QRuHdBaF0DC5HGn0pyWZixWMTQU0jS5cX3B+6+S54DnakMDQ0sXaAj+MPCgGeEikUMzMmUpu5qLsi2UWO0qPdcjLVTeX+OjoxFqUSQzakLF5lc75c4LDiPhyeReo="
        },
        "indexValueMap": {
          "mfgTkvpIh1RtDvLcRy6sa5cyyKa4MjqAastwAsX/5wk=": {
            "valueMac": {
              "type": "Buffer",
              "data": "kbpFwLtHcL0+4htaM1jLUEUgDT+U5bdSNT1NVdtt0ko="
            }
          }
        }
      },
      "critical_unblock_low": {
        "version": 1,
        "hash": {
          "type": "Buffer",
          "data": "TxYhmJppSWb3vTL2njXRhBJVRvVpjs7NPeq5NwTfZ1LcBT4VbnWCM/pR8hOBDJ1GnXnT6z0KSVVrZWClWB6kPnqUdViqHAugnd0fqwgUi5czWd1JQvoV5g3XuECQrObkIdM4Zu7QykBm+q8CEFyReKMz2Gkl/YA+kjXxiAVlax4="
        },
        "indexValueMap": {
          "g68FRSpsh3lzBlqVW7NntnGrZK1+NJGmRtjvrext9hw=": {
            "valueMac": {
              "type": "Buffer",
              "data": "e16n3YTh91VFaRsQI6NPMvzzCvnGsvhVRtOh5TZxWBQ="
            }
          },
          "47U8falrupv38/+ZeYFICtVfRCpK2NUYROmSealiKYc=": {
            "valueMac": {
              "type": "Buffer",
              "data": "shCkeR7l47ONn4WKqT4/M8XGbh2BXiD83dRuqbAQSS8="
            }
          },
          "bcOjLUgNjjKn3n3xUQgFb9IXTDZ1gOVX8i5e8yW8MeU=": {
            "valueMac": {
              "type": "Buffer",
              "data": "hb5n/jnXz6sedAIUE+xmiXm9H++YCVwBJ7aQfcMyyR4="
            }
          },
          "6a6XEf70Qjyzq39NTeenH6ZEFbn2tnrD73AO9c2zze0=": {
            "valueMac": {
              "type": "Buffer",
              "data": "B78+gV6Ji3SSXiBuVeZ3LnH4ZafRaOjwugD51UFR/qU="
            }
          },
          "X7ddJPWZZ1JTQMXpDPZAbnaFopKKwiQzwLX10hqPmr8=": {
            "valueMac": {
              "type": "Buffer",
              "data": "7eB819OBqCc8I4yznEEuHwBRiTSW6Nf6/L7AdUH7X+s="
            }
          },
          "FtmorCyh5hKPd4k1mtJPHmJS8/pnFZklvBJKRhqZ2zw=": {
            "valueMac": {
              "type": "Buffer",
              "data": "TThz4BDA7sl1fmhCO3zENTZGiIeBYjbQXvOEpfc0wr0="
            }
          },
          "ahwakPJm48CtO3lVsFSFtiwxvYHNL66lEPWTXoNXoUM=": {
            "valueMac": {
              "type": "Buffer",
              "data": "hSRhIiBy3VYKYn4akgJ8AF8/4CvPqIpHPkQEiZX5lVE="
            }
          },
          "cvGaEF7DZLbNKgsJIgOUqTrrPWGasER5o6gxuGAm9dQ=": {
            "valueMac": {
              "type": "Buffer",
              "data": "5GcAInqwc/kNuySe42GMINztiVRkDn5+4/auAEbL5MM="
            }
          },
          "rcn8b5QzQXcy1iI7fsHXv6Gv5l7Xl8gY3rhzkBU0oyc=": {
            "valueMac": {
              "type": "Buffer",
              "data": "MlWYsy5AN2tJCp2zyAQFgmy7GPbGQnbRqPFSRSMDOTQ="
            }
          },
          "/+yJ7mW+2eZtxWHR8gqjbMThaUQJ8HghPTn4fsU3B2I=": {
            "valueMac": {
              "type": "Buffer",
              "data": "U/PHFIwZQDirUU9oyYYfWoMjm5sQ4YZcRocqsIii80o="
            }
          },
          "E0uAL6mn0eJD+eHHZ7Nc/RrMCsKgSiXiblyLnGa6jto=": {
            "valueMac": {
              "type": "Buffer",
              "data": "+eCVeCs3TE8kmKalHfPG30b6ny6UiS81IdRuLPK75i4="
            }
          },
          "0OGjpj5JHt1JsIZWXOexqu1pBOsV89+XGApzPhSr9PE=": {
            "valueMac": {
              "type": "Buffer",
              "data": "yo8faoo9T+P4FJ9AMiCSdjGAiDbWkwqSgI3mLNDgENw="
            }
          },
          "WjWp725Xg77Qt6X00khecnUzq6Ja7sq3zXxJ5JEMoL4=": {
            "valueMac": {
              "type": "Buffer",
              "data": "Lkuho8AeLHeRQhvEtzyY+/bh0Hr56xvaPagiEjJxqMo="
            }
          },
          "fkSeCaCT/I7ltHOzM0PbembXu/FBLS4OZiFUcUVraOE=": {
            "valueMac": {
              "type": "Buffer",
              "data": "Eh2BpcOAmQpEee0BZAOJf2I+4rommU/stADa86zB8tA="
            }
          },
          "5PHyjXYM95CYmtwexLYFbjgql1SAUJtLZvXTgZGeOJ8=": {
            "valueMac": {
              "type": "Buffer",
              "data": "9Wq+meEsiBSOfn1rysBOUO+FXePwM+zu+8Wt64tSre4="
            }
          },
          "AC3oDHm8VLNzfM4q+ieNyXnRNTZg7DhILjO61paw7/8=": {
            "valueMac": {
              "type": "Buffer",
              "data": "moyW/eQ1mdR0q4vE9r2RJ6AemWeyExPorjMS2vJwgN0="
            }
          },
          "oRrzAFlMTckOMl0NI4zpbARwkX7qxuatiOOYdTEMYj0=": {
            "valueMac": {
              "type": "Buffer",
              "data": "1GZe0SymYXO2M3VkNkKVW2NGy5/wLnEbP6CK3p9S8oM="
            }
          },
          "iA29aaGpW96+xYqrHcHSgwQekwGI1Y1/pJpoSM7kNAs=": {
            "valueMac": {
              "type": "Buffer",
              "data": "MStSPLUGsF/UfKN/7ti1VFrhU8Bemg1bhA3t7atFuc0="
            }
          },
          "Ck63M6TBQOD41njWQf4gLtgMrtGCz7P/kEQv29p7iww=": {
            "valueMac": {
              "type": "Buffer",
              "data": "VpZJk8RdCp/Z2cDl2koPqE+8bKcusa+FCzwRnzaL5xs="
            }
          },
          "FHkWGNB1UuJUnhWXsY6KjuaAjETqzUNmz4xSUTOQ+2k=": {
            "valueMac": {
              "type": "Buffer",
              "data": "tcjKHF0xppe3SOuWobE/z6dF+fMq+wsdV3T5XWvxjRI="
            }
          },
          "w7vZxBywZOJDWc9MWpXIYTFoG7ealASY8VwTeZnMe2w=": {
            "valueMac": {
              "type": "Buffer",
              "data": "bkPlbQxrGWfgSU26kGBC91TkxlsDAGz+v3VF16/8HVc="
            }
          },
          "VWNon2EjFNVEeKf94PfuzwGb8GaAJkT5O8b6Q+eaeII=": {
            "valueMac": {
              "type": "Buffer",
              "data": "70lpUdVUXlp9riYKLRTM94xkRmCTwHJXSRTuTxo8lmE="
            }
          },
          "AiS4SQyL2Y3lE5YJX9tn3AhcfBUDuaC7gTPMsqt/Yps=": {
            "valueMac": {
              "type": "Buffer",
              "data": "oDC820UwDETWAl2WOYHeBNrWQRqUfmWqIadVFkWp12E="
            }
          },
          "3Qdw7uPh7fZYrMAEtA2n1epzsO9dHYl8ay6X7E87D9Q=": {
            "valueMac": {
              "type": "Buffer",
              "data": "2GGHdRa3eO8qG5oTp1A/raDGdQWfOzvt+stOgsippeU="
            }
          },
          "Ujwd2l2X9eZS0IL9bdtlnSYJvlGMuZt55zRMsdD8gW0=": {
            "valueMac": {
              "type": "Buffer",
              "data": "fha+uCN6tQ2sG9r2P+n8oWykBMV5ns9fpJRmlSjK2c0="
            }
          },
          "Ag2l+uOWQrcJk/mHzTrrguTvPquMTyN+OYdpvyff3T4=": {
            "valueMac": {
              "type": "Buffer",
              "data": "BdRIXq76X4SarMqwxJ7shAtViq9QxuzE+TcJjRl/E9g="
            }
          },
          "OptrA2tb36KhzBrwbLK+AvZwQMQMzXKtIXHmaT7Qp9Q=": {
            "valueMac": {
              "type": "Buffer",
              "data": "FP68y/hfrSQpQM/S9O4T58oOd9JiQyuudb9ZLHa9o1I="
            }
          },
          "NI+W1PS82Re+DBY9Wp5O9yYu+01gLPmr11eoFPnoXTI=": {
            "valueMac": {
              "type": "Buffer",
              "data": "im8A9R3MQRU2hIWsu2jbj1x5LqdCh+tcCqSglZCcuPk="
            }
          },
          "k91czpbeOLE+cYJHRjt9vkeDRRqW1neSHGjvTnQRorQ=": {
            "valueMac": {
              "type": "Buffer",
              "data": "urBnW3AkAr7liH0Zou8InUGPJxezDmsNElHGqjq4oGY="
            }
          },
          "LLgBlXMN/HztRhTRGZQmKOeABsZb6oueHi4iE5lYL7g=": {
            "valueMac": {
              "type": "Buffer",
              "data": "6CPrRmFWcDxYrFdPjGL1/pe9swhGGOZpT2YUy4nwP1k="
            }
          },
          "Bjj7BE1H+djyFsVeiZhGplr04k3vz+H0qExrfNwkHPs=": {
            "valueMac": {
              "type": "Buffer",
              "data": "5d76HJT8wqVtoNstG87JkDV6bWaldNg4q4j5mKhrd8k="
            }
          },
          "LiaSfOGFdKOtcEFrDmeF89NZ8zR4mYaYEnXxa76Gx1Q=": {
            "valueMac": {
              "type": "Buffer",
              "data": "Tcpa9WT+v+CJgYmnwnync1kJPAnzgAo2/fC+QKD/McQ="
            }
          },
          "Nh50mmx0R8C034UGb/T+MSE8atWPB0Ymnl/dRsVC5vM=": {
            "valueMac": {
              "type": "Buffer",
              "data": "qENbV+jwLGgAjkD2W7DRFTj3Mb+xkVnZuGUPjhZerpo="
            }
          },
          "GsW+iMFmYKfDJmvDGv2ZRvAlxiNoGyY2RmaS768geM4=": {
            "valueMac": {
              "type": "Buffer",
              "data": "br1ec26EN4ge9/h4SVsRsW/0PABkxzvbEzZV+CBj+aA="
            }
          },
          "Yh7aDs2GAJ7rRZvRCqxCY4FqrovHgjcNaYEO3E4Oyns=": {
            "valueMac": {
              "type": "Buffer",
              "data": "PVzNWKHO4LI9+8HrPjaJAx9wxKzJt+bWVbOukpZXa30="
            }
          },
          "h6gNRg6elGBU3dPV2stoty900UVusS8gq6jHI4wDpMo=": {
            "valueMac": {
              "type": "Buffer",
              "data": "ICkfTtF38Lmdhy3smJpJ792OYhx4+L5pcflTynCVVUQ="
            }
          },
          "+c/t9C2PjQPQoIhYnH510vciIz2R8gwJ/uK1fjoCZFE=": {
            "valueMac": {
              "type": "Buffer",
              "data": "fbcpp2TjpJXdlWAyjeJMRaGv39SY7mQnwcJHkWhonpY="
            }
          },
          "jLZfm3zRC3u4DydTO+ZzO6NF8SeGfIkS3XuHi9t50qE=": {
            "valueMac": {
              "type": "Buffer",
              "data": "FrWih8xkQme+AXylWRNhsvuofy6AW9TeEGMjLRbJg0Q="
            }
          },
          "MItoVNab9QgxoAdqi+QzRGfELu5gYDVbyKSExMFsRYU=": {
            "valueMac": {
              "type": "Buffer",
              "data": "XPyz1sarrbipXBxMC3FkRHwS0CEXJbtaVMh0vwY97dQ="
            }
          },
          "YSkA+pxF5rw1Ln6mA/YG9zDfuLvEcL/Y5UlTd/duxqU=": {
            "valueMac": {
              "type": "Buffer",
              "data": "fTsp6ynu4+ohbJGCr3ofRutQEoAV7lHMprGg3LFfZEY="
            }
          },
          "L0Cx44KGGByi9pzOaVCx+iNTpJcnURR7PPhgGVvCu6Q=": {
            "valueMac": {
              "type": "Buffer",
              "data": "1upUwsTriT16t6ZyCuFQgB5Bywt7i7+RoeVuoTzFSJE="
            }
          },
          "v7bIRwfobiGOTFfQ9o0MBqHuIASGza8ZyNIeteKq1/0=": {
            "valueMac": {
              "type": "Buffer",
              "data": "dzetr78GH+uNpN/XNN90gVT4MIrcMMSRPyEXzPdZhRI="
            }
          },
          "/qm4gzyEoolohUgPKbzGXmazPsWchdbdaOLZ3L/dvLY=": {
            "valueMac": {
              "type": "Buffer",
              "data": "rlUBt83Go9YumX4/j8xJ9tJ5WjMV5bvbCLQj1FfGRDs="
            }
          },
          "ET1gOUrVaI1WLByPgvFN/FQEh10RbhI+L4Xwry4Ah3I=": {
            "valueMac": {
              "type": "Buffer",
              "data": "mxRdrKXws9dmmXx6c/ySJbCVTEGuFyRGoRbviWbFRGg="
            }
          },
          "QUPxF6ClGeGIx8E9kE0IB1t5Q0pK2LReX6OocgSMqEw=": {
            "valueMac": {
              "type": "Buffer",
              "data": "GXzAoOANBY6MDiR2A04IpR7dxZHaFI+uaqbLRAy9TZg="
            }
          },
          "WBuG1wdgZ3ZQ0LxC2DbnQeNHFuw6Y35XNUOFswSlisc=": {
            "valueMac": {
              "type": "Buffer",
              "data": "xM57SYhlBIBuOUjvo96Ac57riBNx31p1D1EjHS5lSnk="
            }
          },
          "hFn/YNsA0avL7fPR0A/0ethQ3o7mTZZ8iF1zJsQFc9I=": {
            "valueMac": {
              "type": "Buffer",
              "data": "2qRDE4Ieso9piecemt+1CK0AjqW3BnPboqqr0ExZ9Bs="
            }
          },
          "0VBo/YiUj/3/UGsssyUuIXqDEEAOcJeseK3IHiShzPE=": {
            "valueMac": {
              "type": "Buffer",
              "data": "QvbxbnVl9woa9ARJlqq1nB363ILTDQpERl2wCRgfTHA="
            }
          },
          "efi8dvBshpufaJT1zkecW3wb7839M7iE0FPDPyEwkv0=": {
            "valueMac": {
              "type": "Buffer",
              "data": "GPM3S4jKqgtj7nv+TXB5cGGpH8/4HRNhmnus3eEtJBM="
            }
          },
          "oIE7zn709nF4nh+RYVL7/82CV1HIl5F2W1xZhmUfNgc=": {
            "valueMac": {
              "type": "Buffer",
              "data": "iLSgy9XvXlaHJFybGbM7hi1aRChhMvOuUEAnDrjyVms="
            }
          },
          "WZft73QN0+rp8Px9G397mbk+r94UNe/LoYH58k3aM3A=": {
            "valueMac": {
              "type": "Buffer",
              "data": "wUOFxFr+IMcppTccjmAX9PICA+kWUUaasnrq35022dY="
            }
          },
          "J7u8AR7M4PJDEhlm88x6oNHLqhnuy/Au9/1WnmAPZN8=": {
            "valueMac": {
              "type": "Buffer",
              "data": "WC0wMzgeLCrXtU8ioWeuexuoTfOW876PrWLCLhzDAKY="
            }
          },
          "Q6gDb+q9nY+dWa6YAToT1/0mvR22uLLNov9J0N51Y10=": {
            "valueMac": {
              "type": "Buffer",
              "data": "GB9IhhKp8DwaqVq+9pOz9mvaWH+XCdZoHai0HS49Lz4="
            }
          },
          "BBxjsCAxRRGQ5cFg7X/HzBL9tVwSEdJJNTJZMdvr/Aw=": {
            "valueMac": {
              "type": "Buffer",
              "data": "JzcX+BE5ZsZBJTlXptrayyHpJmEZ5GZlWEK5cYzhb8w="
            }
          },
          "xfWPnXy4iU3B99ysofNlbCzQB6d86pZRCzTWtE1rMeM=": {
            "valueMac": {
              "type": "Buffer",
              "data": "31ugylqfa+BHArJJIIx1c4C19fB0Awu+UHzaBy4Y438="
            }
          },
          "3ntEs9jQbs6wwFRgbMMnhwfeTupPjh52Cy31/Xdt2xY=": {
            "valueMac": {
              "type": "Buffer",
              "data": "dyDAc3+ujJC63irS9uhLitBSDySCO7WjLzosfdEnedk="
            }
          },
          "W4RFGLBF//vSi84T9omwC75ud3bnbF1keJI6nmX2h6U=": {
            "valueMac": {
              "type": "Buffer",
              "data": "RuQ6p0jJ7FTGLKjz01st/oG1XddUHunS7+WzaAiR3kw="
            }
          },
          "cSI28D9MVZChhddRYBicShhsew3A147LSHTy2AP1tQA=": {
            "valueMac": {
              "type": "Buffer",
              "data": "YlcTE/6tjJWyrxnYeF1xR9g1xwZvp9MMUBTHOfuw/Kk="
            }
          },
          "orq7LvUAds1hADo82z3V/oo5yyfP1hFvF1TeYEqzF34=": {
            "valueMac": {
              "type": "Buffer",
              "data": "Dd7CyzQzlR1118qflI5wFS1cNjiNU22AAY0hwLueOmM="
            }
          },
          "qtDmhrZvuMCMH1Uo8EFcUJG+PnAYwUQ338XgWerYCco=": {
            "valueMac": {
              "type": "Buffer",
              "data": "dwee0gsVbESIGY/DXtm8z3uC9zY4LRC2yHaWtEltXv8="
            }
          },
          "Hd5XoT2jf4i1bd4p5AVeSDqnxnqsVDBpJUD6B6pwaBo=": {
            "valueMac": {
              "type": "Buffer",
              "data": "olS07ci7Ryit9IwH6FBvPlO+WAjXbYqaD0kftFgR70o="
            }
          },
          "ZpOM33Vbw9wbvxqriwp1Cben5z7CoRJ9qYBDISCzKQ0=": {
            "valueMac": {
              "type": "Buffer",
              "data": "H34H9huomUI5weFsqRLgbEsn683badIv2lnZHsLUSUM="
            }
          },
          "4/WsKcaSZq0yzzx+jZZR5aw4pOe+0jS7PEmISW/hu9M=": {
            "valueMac": {
              "type": "Buffer",
              "data": "R19SS7chzAHrbGVm2pe5lI+M296dy3iV5GMjCupsQiA="
            }
          },
          "Xse9/zkM98d+fXOTb/UVRDct2m0IZmZFVnRMo5Qd42o=": {
            "valueMac": {
              "type": "Buffer",
              "data": "u46LOL3D1JW+kl60HR/YKJLeYwJn2/u6T2QlZiT3n+Y="
            }
          },
          "FTtvZpPnRDhemhLgJgrU9+W4oxjbg/CLX7G2HJtvWnE=": {
            "valueMac": {
              "type": "Buffer",
              "data": "wXGjZUY2DFwciaVkBlg90aUN0DcHZb/z83v7+QJa/bo="
            }
          },
          "onKudkmAjM6Fzy4LmaGgojBOtzgAillTggbRu6jrxZs=": {
            "valueMac": {
              "type": "Buffer",
              "data": "Nc8Q9XQ2ECGXyLW3R/PMCrofRlaLbkbRrjj8goRUeBg="
            }
          },
          "1AkaAs+eTdjMYSm6aoh4Sb5MWeZ1y9YmFxVe8sLVUrg=": {
            "valueMac": {
              "type": "Buffer",
              "data": "CRBFaj2/rptz/93QL1gtUw7E9SssXDyooJePRFcgcdk="
            }
          },
          "L3HLyuF5RVgyUTLhBD0OmBqzYxawQJ4ELmDCoagz+mk=": {
            "valueMac": {
              "type": "Buffer",
              "data": "LSPVD38M6hAgGYH+rZl6I4qFtquYn54+mkR/WNvayag="
            }
          },
          "l82lM/WD3ydK0H8k81ysDQr70NhM44o2Pge72q/GMeg=": {
            "valueMac": {
              "type": "Buffer",
              "data": "Jcr7CWw5RIXzTRGVIMKqZcRqM2s5IP6NQZPkwS/LutU="
            }
          },
          "DdPjLBvdJb5aQqm4DsuLSeHbtxjZ/IXtpiwlyatqUAo=": {
            "valueMac": {
              "type": "Buffer",
              "data": "ICqTy14JA/2sMdeDkoitVD5ecrwLzUZQ7GMfw4h8Ems="
            }
          },
          "evYMZICVro3ZOJvY/j/EWBWK44UWlQEwDiCCrEh+SPY=": {
            "valueMac": {
              "type": "Buffer",
              "data": "HszlyQRX8tpmTa/wBKHUA5fGELU7JUrj6YnTclqFRYY="
            }
          },
          "iyl3dsWg6FYGVLatDJJC9caZm88AvebRcJH2yEegJDc=": {
            "valueMac": {
              "type": "Buffer",
              "data": "ajy+TxavXLSiV785e2PyxDkQKCfaKECJsfcqzKEuhcs="
            }
          },
          "tpdcROBqwVh1I9lwpHkrwjw9SMyUSI+83dLVuOMYhKA=": {
            "valueMac": {
              "type": "Buffer",
              "data": "18Y3FXg4hCIxwez21cBoB+YTEPWKotPXR5QAoz02gP8="
            }
          },
          "+AvM4R2ckDuQuS3PVdf4AxK3yygq6aQp6zXYold5OL4=": {
            "valueMac": {
              "type": "Buffer",
              "data": "8wRwFuSR6VYk6KHSYLEcJtdspAQAqOwp7z/WPIWhbYQ="
            }
          },
          "VmXV+XBB3/6AzuVSCnjGt69eWICvlLFbfOXpp4sNZEw=": {
            "valueMac": {
              "type": "Buffer",
              "data": "BuAEHrAwTvvF5iU/cKZN+q+l4v8qgyEVF42uqI1iTUo="
            }
          },
          "Qub5sOmjlJ86cHO4QivZfjiDbtSpRLgnBpqZmhXQ0M4=": {
            "valueMac": {
              "type": "Buffer",
              "data": "AIpXtc43ovOkQwYNFQpzXH6G1cC9tDGLK5V0SPiTvuA="
            }
          },
          "wuAwsWj5GSeemAKpDXgatGOeJDGZn4eQ0DncvuMMcX0=": {
            "valueMac": {
              "type": "Buffer",
              "data": "zPvrdUbwgfPr/FZ9O+aOEYsUYYQsK6ZACxKl68e0nhw="
            }
          },
          "FcTROixW9JcbS8T211QWvTzdcTS/W3WuUKFfGDph4eo=": {
            "valueMac": {
              "type": "Buffer",
              "data": "7IsXRCpHHBpS76M5NkTes3XcSXGEIpOKc62mNCPt5l8="
            }
          },
          "v6RlRHjHP7HAPp1zqzooQgr2E23QLn+zBU/y8HaT2Ic=": {
            "valueMac": {
              "type": "Buffer",
              "data": "a1q1qbvPOla+wbOjbYfXVIWyXmoSrN5joqUdBWi3OWI="
            }
          },
          "iXwbBG+V7wI4aZaTp0kMT431bxWRJLQRlRTKzCLNaVQ=": {
            "valueMac": {
              "type": "Buffer",
              "data": "bMfAYx/4t5hseP5usxLIwYZN6taVWNSdaH3bljfnzhs="
            }
          },
          "GMaY7l3bZ7XHiVYvJzpjGOtWqJ44uzRpCbjf7dpctpk=": {
            "valueMac": {
              "type": "Buffer",
              "data": "Fc569Us6LbTab3ZQN1dY5SHeROaaqBHP1AMFjjfVsso="
            }
          },
          "Nzhd6iYEi+zr/d/VDL5o3TOw4sJw6uHnX81IJzDaa04=": {
            "valueMac": {
              "type": "Buffer",
              "data": "LZW/UvJ6DTSzCtRzAmHFoyVGdBQOMYFsZJWNaaG+2WM="
            }
          },
          "GHI6IeJr3oxl6sWx6FLcr11uvOjgLuF7uzCdAuXmRDI=": {
            "valueMac": {
              "type": "Buffer",
              "data": "UmvQ3PWmLhlZgOTnyxY3ULXiNqXGtAZNUHqAiP4OJEY="
            }
          },
          "ir+A90UTI7zDyGviX4Cbq01S5qP6uHHOW0BXsRXFqA0=": {
            "valueMac": {
              "type": "Buffer",
              "data": "zo29QM7mtZuqmuEmf8UO5I2BoW8FuzgFDPVIueTbLyI="
            }
          },
          "Td1MENNk4TfGRTV/HIT1rPKblC5vcjVFbswr9Xo9G4I=": {
            "valueMac": {
              "type": "Buffer",
              "data": "7DjD5/2KH6+JtA+Ged2f7SPlzLd0kxxfEwxznbSUjRA="
            }
          },
          "Vbi8EzWdY2TvNpvWMt2whaydym8aMZCpGySUnVe9cy4=": {
            "valueMac": {
              "type": "Buffer",
              "data": "T3rR3yXVRPJ/OO7xsxTZM4f15ehB858E0Sjqbx3pJo8="
            }
          },
          "GFs0KiPFMMQhxIHWjv54XLxkPnPmkrY6ArgWTkwqeFw=": {
            "valueMac": {
              "type": "Buffer",
              "data": "hh0SQSQMNp0dUQckqM9NiAZcVw66+cIrD/m5LE4DcM4="
            }
          },
          "2A0+LqBg4wvpoQZ+UnEdy9R8SwtEIKIS//HZrkon0Pk=": {
            "valueMac": {
              "type": "Buffer",
              "data": "0k0a4kcUAvo3j+fsNIVue7jMo0Dq+Ccj9MJ/NO/fZTI="
            }
          },
          "WIIJL/Cy3VLiJeWD+67KnXZS/y3Fly0O9LTleJB2+d0=": {
            "valueMac": {
              "type": "Buffer",
              "data": "JVxnps3FBgVN8YyIyPoRn5sqiRHnkxuATOk+ucvnaQo="
            }
          },
          "xYRxCklcgDaWLm1Ux1ml9oWj+Izm6NDJGi5Pqc2jZSk=": {
            "valueMac": {
              "type": "Buffer",
              "data": "pe2Ge3N/Kwi3DcrpREB4Jl2mdSUafU3N3wBMgq2hvpY="
            }
          },
          "P/D4CgXVyHM/A7pMVYvIhLNsLUYbRgpdcvMJ4aN/I5s=": {
            "valueMac": {
              "type": "Buffer",
              "data": "cLMYxuPKpy2bXwCNaKj1rrymvSuHGRFVhOr+VAnAYIo="
            }
          },
          "viDeRrWAFIVP28dpDczKIJqTKkjTnMCsFEVZe0SKy5Y=": {
            "valueMac": {
              "type": "Buffer",
              "data": "ABJIvE91HuObsXGzRfH9vlGWJ24Rhq5KLdM0djhb14I="
            }
          },
          "XsFGB+NjdVEwGqYkWqdZZTyPE2nD8T3Tv43tC5yl7no=": {
            "valueMac": {
              "type": "Buffer",
              "data": "URN75yHS1Br5A54c9FFo3mHFfSd9AiFvs4OhqX9P+2I="
            }
          },
          "DH8w62RTgCKCfrlRCwTjlPuGsXpiWD/drEiLfEpin4Q=": {
            "valueMac": {
              "type": "Buffer",
              "data": "yCynedAY4rx7rlVaQVnwILt8TJEBxTcSb4zu4Z3Ghz0="
            }
          },
          "5j8VRw4tkCSxJDIxtBCULkxDOiR1Jx1vQk553uYdwZo=": {
            "valueMac": {
              "type": "Buffer",
              "data": "CMshp7s569mYbtvdo+Fo01+3PEe01+mBM8dpYxHyNKY="
            }
          },
          "/+XAbCafXFcbjzwiOgTKhtlPt92RvYiCzbjzDz65/Ew=": {
            "valueMac": {
              "type": "Buffer",
              "data": "MAMyJ6oBrJGKFrz+bh5SA23qHmtEMPI7T0xWYAM27YU="
            }
          },
          "bAdeVBYR7nSb2EDWH1wLMaakR/srhIT2ZRiPjo2GTOM=": {
            "valueMac": {
              "type": "Buffer",
              "data": "dWtJXZ6R4Yi8nbVRNUPL4UYv01FROzXIjZ3iRwHlhFU="
            }
          },
          "QmkAdgL6zjKVoMQFVZFuolep5gqKptTbu0JlYHTBHEM=": {
            "valueMac": {
              "type": "Buffer",
              "data": "jQ/De0m1SNmBXVk46eycfvPOn5MCxMjMD2JKDoJyKaU="
            }
          },
          "qsYxk+TmmOr4/dNkjpFUklHn75zhUvXh5hzKt817Cl8=": {
            "valueMac": {
              "type": "Buffer",
              "data": "eI3yjQ1ZARQjlAHEle+a0TfBaghBxHubFyhTu95q+qQ="
            }
          }
        }
      },
      "regular_low": {
        "version": 1,
        "hash": {
          "type": "Buffer",
          "data": "KZa0NbDmyW3aZZS9311x1hj76YAcXNKoHTbRpnD7pJqMNA2W5XzJ3t/sAjvCRPTCxJpGm621980AryTnKwmkdsFSTUM/veeRIMRnqhQYa4ZhVyFMtXEgUYx1BOGiYSHBoc9k9qnjpXsAIlOI1lTgbA5fDcSnXsXJ74JFEzyBfrM="
        },
        "indexValueMap": {
          "L3UeGxIe/rdBx7jdBk2p/h4M/DIRtwxnZ76xz13I3Ow=": {
            "valueMac": {
              "type": "Buffer",
              "data": "+1l2qvDva3a6onKO+lQwDD1xGLDAltT+CX+tUSu8zlU="
            }
          },
          "3K+BGfaY1hbEAj48/5ym+W5m9EI7ygCpGjypDnU9P8U=": {
            "valueMac": {
              "type": "Buffer",
              "data": "zPzSJKzzBSjvWaaZoonC4usqRW/8pGEjNHJDlFO0MxA="
            }
          },
          "1XyhsyD6cQ9ibWi4MJNCpzcFgbPdtxJ8OSJzdeiyRnI=": {
            "valueMac": {
              "type": "Buffer",
              "data": "h9mgKh8zX4kfhNIITyr0D4TEizYHIJSoqf7jk5mkFYc="
            }
          },
          "AaR414c0hIgaWAvdVS355Mhd1++s00YNbc4/ea+3Sfw=": {
            "valueMac": {
              "type": "Buffer",
              "data": "OEsE1JstwKvPCeynJVrJjwRH3UvAeUp5SiCTujJ7yhc="
            }
          }
        }
      }
    }
  }
}