{
    "api": {
        "masgi": "https://masgimenz.my.id"
    },
    "switching": {
        "remoteJid": true,
        "antilink": true,
        "antilinkyoutube": false,
        "welcome": true
    },
    "info": {
        "owner": {
            "name": "Angga Surya",
            "number": [ "6287891518788" ],
            "social": {
                "instagram": "anggasurya03",
                "email": "evcf1703@gmail.com"
            }
        },
        "bot": {
            "name": "PIYO BOT"
        },
        "source": {
            "url": {
                "group": {
                    "whatsapp": [""]
                }
            },
            "example": {
                "url": {
                    "whatsapp": "https://wa.me/",
                    "instagram": "https://instagram.com/"
                }
            },
            "image": {
                "url": {
                    "nopp": "https://abs.twimg.com/sticky/default_profile_images/default_profile_400x400.png"
                }
            }
        }
    },
    "costumeText": {
        "welcome": {
            "status": true,
            "msg": "Welcome @user in group {title}"
        },
        "leave": {
            "status": true,
            "msg": "Good bye @user"
        }
    }
}